sample_rank,event_id,cik,company_at_time,ticker_at_time,ticker_source,drug,phase,trial,category,flags,discovery,inclusion,event_documents,periodic_reports_by_cutoff,timestamp_precision,public_earliest,public_latest,window,entry_session,financials_present,later_revised_values,runway_months,candidate_statements,retrospective_judgments,price_check,price_symbol,price_symbol_source,eligibility,decline,pre_event_market_cap,entry_open_available,h21,h63,h126,h252,spy_252,xbi_252,outcome_status_evidence,unresolved
19,sre_47d31fac98824e2cb0d4,1138776,"AEVI GENOMIC MEDICINE, INC.",GNMX,press release text in 0001144204-19-000147 (e.g. '(Nasdaq: XXX)'),AEVI-001,Phase 2,ASCEND,PRIMARY_ENDPOINT_FAILURE,,EDGAR FTS main phrases,INCLUDED,2,2,DATE_ONLY,2019-01-02T05:00:00+00:00,2019-01-02T21:31:43+00:00,2018-12-31→2019-01-03,2019-01-04,3/7,0,8.6,4,0,IDENTITY_UNVERIFIED,GNMX,TICKER_AT_TIME,UNDETERMINED,,,False,NO_PRICE_SOURCE,NO_PRICE_SOURCE,NO_PRICE_SOURCE,NO_PRICE_SOURCE,AVAILABLE,AVAILABLE,ACQUISITION_EVIDENCE,EXCLUDED_AFTER_CUTOFF: 10-K 0001144204-19-017064 accepted 2019-03-29T21:26:36.000Z is after the decision cutoff: not used | price: history starts after the event window: the ticker may now belong to another listing | eligibility: no usable event-window prices (see price check)
7,sre_857eb1f8a1ea4fee802a,855654,"ImmunoGen, Inc.",,,mirvetuximab soravtansine,Phase 3,FORWARD I,PRIMARY_ENDPOINT_FAILURE,,EDGAR FTS main phrases,INCLUDED,2,2,DATE_ONLY,2019-02-27T05:00:00+00:00,2019-03-01T12:02:12+00:00,2019-02-26→2019-03-01,2019-03-04,4/7,0,18.9,2,0,NO_DATA,,TICKER_AT_TIME,UNDETERMINED,,,False,NO_PRICE_SOURCE,NO_PRICE_SOURCE,NO_PRICE_SOURCE,NO_PRICE_SOURCE,AVAILABLE,AVAILABLE,ACQUISITION_EVIDENCE,"TICKER_AT_TIME: ticker at the time not stated on the event 8-K cover, in the release, or on a periodic report filed by the cutoff | EXCLUDED_AFTER_CUTOFF: 10-Q 0001558370-19-004233 accepted 2019-05-07T19:55:51.000Z is after the decision cutoff: not used | price: ticker at the time unknown | eligibility: no usable event-window prices (see price check)"
40,sre_d7c2d2b28ccc4cecae4b,1370053,"ANAPTYSBIO, INC.",ANAB,8-K cover 0001370053-19-000041,etokimab,Phase 2b,ATLAS,PRIMARY_ENDPOINT_FAILURE,,EDGAR FTS main phrases,INCLUDED,2,2,DATE_ONLY,2019-11-08T05:00:00+00:00,2019-11-08T13:05:42+00:00,2019-11-07→2019-11-08,2019-11-11,5/7,0,76.5,2,0,OK,ANAB,TICKER_AT_TIME,ELIGIBLE,-0.7185,978041071,True,AVAILABLE,AVAILABLE,AVAILABLE,AVAILABLE,AVAILABLE,AVAILABLE,STILL_FILING,EXCLUDED_AFTER_CUTOFF: 10-K 0001370053-20-000009 accepted 2020-03-02T13:57:57.000Z is after the decision cutoff: not used
70,sre_6bcbdc1d244841b0b071,1175505,"Five Prime Therapeutics, Inc.",FPRX,8-K cover 0001193125-20-039763,cabiralizumab (with nivolumab),Phase 2,BMS-run Phase 2 pancreatic trial,PRIMARY_ENDPOINT_FAILURE,PARTNER_RUN_TRIAL,EDGAR FTS main phrases,INCLUDED,2,2,DATE_ONLY,2020-02-18T05:00:00+00:00,2020-02-18T14:28:10+00:00,2020-02-14→2020-02-18,2020-02-19,3/7,0,16.3,2,0,NO_DATA,FPRX,TICKER_AT_TIME,UNDETERMINED,,,False,NO_PRICE_SOURCE,NO_PRICE_SOURCE,NO_PRICE_SOURCE,NO_PRICE_SOURCE,AVAILABLE,AVAILABLE,ACQUISITION_EVIDENCE,EXCLUDED_AFTER_CUTOFF: 10-K 0001564590-20-007407 accepted 2020-02-27T21:33:32.000Z is after the decision cutoff: not used | price: [yahoo_chart] HTTP 404 for https://query2.finance.yahoo.com/v8/finance/chart/FPRX | eligibility: no usable event-window prices (see price check)
32,sre_4890faf614274186b194,1347178,VANDA PHARMACEUTICALS INC.,VNDA,8-K cover 0001193125-20-049300,tradipitant,Phase 3,EPIONE,PRIMARY_ENDPOINT_FAILURE,POSITIVE_SUBGROUP_CLAIMED;COMMERCIAL_STAGE_COMPANY,EDGAR FTS main phrases,INCLUDED,2,2,DATE_ONLY,2020-02-25T05:00:00+00:00,2020-02-26T13:54:44+00:00,2020-02-24→2020-02-26,2020-02-27,5/7,0,not burning cash on this basis,2,0,OK,VNDA,TICKER_AT_TIME,INELIGIBLE,-0.0374,627244120,True,AVAILABLE,AVAILABLE,AVAILABLE,AVAILABLE,AVAILABLE,AVAILABLE,STILL_FILING,EXCLUDED_AFTER_CUTOFF: 10-Q 0001347178-20-000013 accepted 2020-05-07T11:01:11.000Z is after the decision cutoff: not used
25,sre_c72e615fccb84d6db5b4,875045,BIOGEN INC.,BIIB,8-K cover 0000875045-20-000008,natalizumab,Phase 2,OPUS,PRIMARY_ENDPOINT_FAILURE,DISCLOSED_IN_EARNINGS_RELEASE;EARLIER_DISCLOSURE_UNKNOWN;LARGE_COMMERCIAL_COMPANY,EDGAR FTS main phrases,INCLUDED,2,2,DATE_ONLY,2020-04-22T04:00:00+00:00,2020-04-22T11:12:33+00:00,2020-04-21→2020-04-22,2020-04-23,7/7,0,not burning cash on this basis,12,0,OK,BIIB,TICKER_AT_TIME,INELIGIBLE,-0.0942,57268800259,True,AVAILABLE,AVAILABLE,AVAILABLE,AVAILABLE,AVAILABLE,AVAILABLE,ACQUISITION_RELATED_FILINGS_ROLE_UNKNOWN,EXCLUDED_AFTER_CUTOFF: 10-Q 0000875045-20-000011 accepted 2020-04-23T20:15:49.000Z is after the decision cutoff: not used
41,sre_44c551e7b19c4eceb19c,1597264,Blueprint Medicines Corporation,BPMC,8-K cover 0001558370-20-004422,avapritinib,Phase 3,VOYAGER,PRIMARY_ENDPOINT_FAILURE,COMMERCIAL_STAGE_COMPANY,EDGAR FTS main phrases,INCLUDED,2,2,DATE_ONLY,2020-04-28T04:00:00+00:00,2020-04-28T11:11:24+00:00,2020-04-27→2020-04-28,2020-04-29,5/7,0,20.9,9,0,NO_DATA,BPMC,TICKER_AT_TIME,UNDETERMINED,,,False,NO_PRICE_SOURCE,NO_PRICE_SOURCE,NO_PRICE_SOURCE,NO_PRICE_SOURCE,AVAILABLE,AVAILABLE,ACQUISITION_EVIDENCE,EXCLUDED_AFTER_CUTOFF: 10-Q 0001558370-20-005307 accepted 2020-05-06T13:17:42.000Z is after the decision cutoff: not used | price: [yahoo_chart] HTTP 404 for https://query2.finance.yahoo.com/v8/finance/chart/BPMC | eligibility: no usable event-window prices (see price check)
31,sre_5caecd84fcb446b08283,1598646,"Minerva Neurosciences, Inc.",NERV,8-K cover 0001193125-20-155824,roluperidone (MIN-101),Phase 3,roluperidone Phase 3 trial,PRIMARY_ENDPOINT_FAILURE,,EDGAR FTS main phrases,INCLUDED,2,2,DATE_ONLY,2020-05-29T04:00:00+00:00,2020-05-29T20:24:02+00:00,2020-05-28→2020-06-01,2020-06-02,5/7,0,10.5,4,0,OK,NERV,TICKER_AT_TIME,ELIGIBLE,-0.6875,528281735,True,AVAILABLE,AVAILABLE,AVAILABLE,AVAILABLE,AVAILABLE,AVAILABLE,STILL_FILING,EXCLUDED_AFTER_CUTOFF: 10-Q 0001564590-20-035289 accepted 2020-08-03T11:00:43.000Z is after the decision cutoff: not used
60,sre_85bfd2ed872948daae3f,1130598,"Onconova Therapeutics, Inc.",ONTX,8-K cover 0001104659-20-097780,rigosertib (IV),Phase 3,INSPIRE,PRIMARY_ENDPOINT_FAILURE,,EDGAR FTS main phrases,INCLUDED,2,2,DATE_ONLY,2020-08-24T04:00:00+00:00,2020-08-24T11:55:52+00:00,2020-08-21→2020-08-24,2020-08-25,4/7,0,15.4,4,0,IDENTITY_UNVERIFIED,ONTX,TICKER_AT_TIME,UNDETERMINED,,,False,NO_PRICE_SOURCE,NO_PRICE_SOURCE,NO_PRICE_SOURCE,NO_PRICE_SOURCE,AVAILABLE,AVAILABLE,DELISTING_OR_DEREGISTRATION_EVIDENCE,EXCLUDED_AFTER_CUTOFF: 10-Q 0001104659-20-125819 accepted 2020-11-16T21:16:14.000Z is after the decision cutoff: not used | price: history starts after the event window: the ticker may now belong to another listing | eligibility: no usable event-window prices (see price check)
4,sre_adc99e71f3b345c5ac49,1444192,ACASTI PHARMA INC.,ACST,8-K cover 0001171843-20-006188,CaPre,Phase 3,TRILOGY 2,PRIMARY_ENDPOINT_FAILURE,PROGRAM_DISCONTINUED_STATED,EDGAR FTS main phrases,INCLUDED,2,2,DATE_ONLY,2020-08-31T04:00:00+00:00,2020-08-31T20:05:13+00:00,2020-08-28→2020-09-01,2020-09-02,2/7,0,2.5,4,0,OK,GRCE,CURRENT_TICKER_SAME_CIK,INELIGIBLE,-0.6901,68793701,True,AVAILABLE,AVAILABLE,AVAILABLE,AVAILABLE,AVAILABLE,AVAILABLE,ACQUISITION_RELATED_FILINGS_ROLE_UNKNOWN,EXCLUDED_AFTER_CUTOFF: 10-Q 0001171843-20-008002 accepted 2020-11-16T12:00:30.000Z is after the decision cutoff: not used
35,sre_b0eebabc697d4d72b8d3,1636651,OVID THERAPEUTICS INC.,OVID,8-K cover 0001564590-20-055762,OV101 (gaboxadol),Phase 3,NEPTUNE,PRIMARY_ENDPOINT_FAILURE,,EDGAR FTS main phrases,INCLUDED,2,2,DATE_ONLY,2020-12-01T05:00:00+00:00,2020-12-01T22:19:31+00:00,2020-11-30→2020-12-02,2020-12-03,4/7,0,26.2,2,0,OK,OVID,TICKER_AT_TIME,ELIGIBLE,-0.5709,433896918,True,AVAILABLE,AVAILABLE,AVAILABLE,AVAILABLE,AVAILABLE,AVAILABLE,STILL_FILING,EXCLUDED_AFTER_CUTOFF: 10-K 0001564590-21-013016 accepted 2021-03-15T12:20:07.000Z is after the decision cutoff: not used
10,sre_0a6ccc69af8f48aebd42,1327273,"LYRA THERAPEUTICS, INC.",LYRA,8-K cover 0001193125-20-311233,LYR-210,Phase 2,LANTERN,PRIMARY_ENDPOINT_FAILURE,POSITIVE_SECONDARY_CLAIMED;ENROLLMENT_CUT_SHORT_COVID,EDGAR FTS main phrases,INCLUDED,2,1,DATE_ONLY,2020-12-07T05:00:00+00:00,2020-12-07T13:20:44+00:00,2020-12-04→2020-12-07,2020-12-08,2/7,0,51.2,9,0,OK,LYRA,TICKER_AT_TIME,INELIGIBLE,-0.2526,161199278,True,AVAILABLE,AVAILABLE,AVAILABLE,AVAILABLE,AVAILABLE,AVAILABLE,DELISTING_OR_DEREGISTRATION_EVIDENCE,MISSING_PERIODIC_REPORT: no 10-K accepted before the cutoff | EXCLUDED_AFTER_CUTOFF: 10-K 0001564590-21-011767 accepted 2021-03-09T21:26:25.000Z is after the decision cutoff: not used
49,sre_484f7bb4fa364f7dab60,1370053,"ANAPTYSBIO, INC.",ANAB,8-K cover 0001370053-21-000022,imsidolimab,Phase 2,POPLAR,PRIMARY_ENDPOINT_FAILURE,SAME_ISSUER_AS_OTHER_EVENT,EDGAR FTS main phrases,INCLUDED,2,2,DATE_ONLY,2021-03-08T05:00:00+00:00,2021-03-08T13:05:17+00:00,2021-03-05→2021-03-08,2021-03-09,5/7,0,333.7,2,0,OK,ANAB,TICKER_AT_TIME,ELIGIBLE,-0.3380,806487955,True,AVAILABLE,AVAILABLE,AVAILABLE,AVAILABLE,AVAILABLE,AVAILABLE,STILL_FILING,EXCLUDED_AFTER_CUTOFF: 10-Q 0001370053-21-000041 accepted 2021-05-04T20:22:58.000Z is after the decision cutoff: not used
68,sre_96b3f9ac48d845fd9a9d,1743881,"BridgeBio Pharma, Inc.",BBIO,8-K cover 0001193125-21-366669,acoramidis,Phase 3,"ATTRibute-CM (Part A, Month 12)",PRIMARY_ENDPOINT_FAILURE,TRIAL_CONTINUES_LATER_PART,EDGAR FTS main phrases,INCLUDED,2,2,DATE_ONLY,2021-12-27T05:00:00+00:00,2021-12-27T12:06:03+00:00,2021-12-23→2021-12-27,2021-12-28,6/7,0,15.6,5,0,OK,BBIO,TICKER_AT_TIME,ELIGIBLE,-0.7198,5977906195,True,AVAILABLE,AVAILABLE,AVAILABLE,AVAILABLE,AVAILABLE,AVAILABLE,STILL_FILING,EXCLUDED_AFTER_CUTOFF: 10-K 0000950170-22-002030 accepted 2022-02-25T11:06:56.000Z is after the decision cutoff: not used
11,sre_5a59f61162c1470a9094,1674365,APTINYX INC.,APTX,8-K cover 0001104659-22-043425,NYX-2925,Phase 2b,NYX-2925 Phase 2b DPN study,PRIMARY_ENDPOINT_FAILURE,,EDGAR FTS main phrases,INCLUDED,2,2,DATE_ONLY,2022-04-07T04:00:00+00:00,2022-04-07T11:15:33+00:00,2022-04-06→2022-04-07,2022-04-08,5/7,0,20.1,2,0,NO_DATA,APTX,TICKER_AT_TIME,UNDETERMINED,,,False,NO_PRICE_SOURCE,NO_PRICE_SOURCE,NO_PRICE_SOURCE,NO_PRICE_SOURCE,AVAILABLE,AVAILABLE,DELISTING_OR_DEREGISTRATION_EVIDENCE,EXCLUDED_AFTER_CUTOFF: 10-Q 0001558370-22-008575 accepted 2022-05-12T20:30:05.000Z is after the decision cutoff: not used | price: [yahoo_chart] HTTP 404 for https://query2.finance.yahoo.com/v8/finance/chart/APTX | eligibility: no usable event-window prices (see price check)
58,sre_61ffa477d8804d79ab82,1689548,"PRAXIS PRECISION MEDICINES, INC.",PRAX,10-Q cover 0001689548-22-000038 (filed before the cutoff),PRAX-114,Phase 2/3,Aria,PRIMARY_ENDPOINT_FAILURE,,EDGAR FTS main phrases,INCLUDED,2,2,DATE_ONLY,2022-06-06T04:00:00+00:00,2022-06-06T11:45:41+00:00,2022-06-03→2022-06-06,2022-06-07,4/7,0,16.5,5,0,OK,PRAX,TICKER_AT_TIME,ELIGIBLE,-0.7811,390946130,True,AVAILABLE,AVAILABLE,AVAILABLE,AVAILABLE,AVAILABLE,AVAILABLE,STILL_FILING,EXCLUDED_AFTER_CUTOFF: 10-Q 0001689548-22-000111 accepted 2022-08-08T20:07:39.000Z is after the decision cutoff: not used
63,sre_3a4d5b336d034ef39dd2,1595097,"CORBUS PHARMACEUTICALS HOLDINGS, INC.",CRBP,8-K cover 0000950170-22-015864,lenabasum,Phase 2,NIAID/ACE SLE study,PRIMARY_ENDPOINT_FAILURE,DISCLOSED_IN_EARNINGS_RELEASE;EARLIER_DISCLOSURE_UNKNOWN;PARTNER_RUN_TRIAL,EDGAR FTS main phrases,INCLUDED,2,2,DATE_ONLY,2022-08-09T04:00:00+00:00,2022-08-09T15:54:20+00:00,2022-08-08→2022-08-09,2022-08-10,7/7,0,27.8,1,0,OK,CRBP,TICKER_AT_TIME,INELIGIBLE,-0.0449,33443320,True,AVAILABLE,AVAILABLE,AVAILABLE,AVAILABLE,AVAILABLE,AVAILABLE,STILL_FILING,EXCLUDED_AFTER_CUTOFF: 10-Q 0000950170-22-023282 accepted 2022-11-08T21:35:02.000Z is after the decision cutoff: not used
59,sre_febbd30cc9434af49569,1640455,"JOUNCE THERAPEUTICS, INC.",JNCE,8-K cover 0001640455-22-000093,vopratelimab (with pimivalimab),Phase 2,SELECT,PRIMARY_ENDPOINT_FAILURE,POSITIVE_SECONDARY_CLAIMED,EDGAR FTS main phrases,INCLUDED,2,2,DATE_ONLY,2022-08-30T04:00:00+00:00,2022-08-30T12:07:30+00:00,2022-08-29→2022-08-30,2022-08-31,4/7,0,21.8,6,0,NO_DATA,JNCE,TICKER_AT_TIME,UNDETERMINED,,,False,NO_PRICE_SOURCE,NO_PRICE_SOURCE,NO_PRICE_SOURCE,NO_PRICE_SOURCE,AVAILABLE,AVAILABLE,ACQUISITION_EVIDENCE,EXCLUDED_AFTER_CUTOFF: 10-Q 0001640455-22-000103 accepted 2022-11-10T18:46:17.000Z is after the decision cutoff: not used | price: [yahoo_chart] HTTP 404 for https://query2.finance.yahoo.com/v8/finance/chart/JNCE | eligibility: no usable event-window prices (see price check)
50,sre_dd48e230f83c427b98d7,1426332,"NGM Biopharmaceuticals, Inc.",NGM,8-K cover 0001193125-22-263369,NGM621,Phase 2,CATALINA,PRIMARY_ENDPOINT_FAILURE,,EDGAR FTS main phrases,INCLUDED,2,2,DATE_ONLY,2022-10-17T04:00:00+00:00,2022-10-17T11:40:32+00:00,2022-10-14→2022-10-17,2022-10-18,5/7,0,31.5,12,0,NO_DATA,NGM,TICKER_AT_TIME,UNDETERMINED,,,False,NO_PRICE_SOURCE,NO_PRICE_SOURCE,NO_PRICE_SOURCE,NO_PRICE_SOURCE,AVAILABLE,AVAILABLE,ACQUISITION_EVIDENCE,EXCLUDED_AFTER_CUTOFF: 10-Q 0001628280-22-028215 accepted 2022-11-03T20:20:09.000Z is after the decision cutoff: not used | price: [yahoo_chart] HTTP 404 for https://query2.finance.yahoo.com/v8/finance/chart/NGM | eligibility: no usable event-window prices (see price check)
1,sre_6e69520bda034c46a3b5,1228627,"Ocuphire Pharma, Inc.",OCUP,8-K cover 0001140361-23-002726,APX3330,Phase 2,ZETA-1,PRIMARY_ENDPOINT_FAILURE,POSITIVE_SECONDARY_CLAIMED,EDGAR FTS main phrases,INCLUDED,2,2,DATE_ONLY,2023-01-25T05:00:00+00:00,2023-01-25T21:15:49+00:00,2023-01-24→2023-01-26,2023-01-27,5/7,0,8.3,8,0,OK,IRD,CURRENT_TICKER_SAME_CIK,INELIGIBLE,-0.1843,76777885,True,AVAILABLE,AVAILABLE,AVAILABLE,AVAILABLE,AVAILABLE,AVAILABLE,STILL_FILING,EXCLUDED_AFTER_CUTOFF: 10-K 0001140361-23-014868 accepted 2023-03-30T21:07:18.000Z is after the decision cutoff: not used
18,sre_fc67fedb29d9468a9748,906709,NEKTAR THERAPEUTICS,NKTR,8-K cover 0001213900-23-014008,rezpegaldesleukin,Phase 2,NCT04433585,PRIMARY_ENDPOINT_FAILURE,POSITIVE_SECONDARY_CLAIMED,EDGAR FTS main phrases,INCLUDED,2,2,DATE_ONLY,2023-02-23T05:00:00+00:00,2023-02-23T21:52:38+00:00,2023-02-22→2023-02-24,2023-02-27,3/7,0,16.5,11,1,OK,NKTR,TICKER_AT_TIME,ELIGIBLE,-0.5050,565742991,True,AVAILABLE,AVAILABLE,AVAILABLE,AVAILABLE,AVAILABLE,AVAILABLE,STILL_FILING,EXCLUDED_AFTER_CUTOFF: 10-K 0000906709-23-000004 accepted 2023-02-28T21:48:43.000Z is after the decision cutoff: not used
39,sre_4ba7db8db1f3448aa19a,1557746,"Aclaris Therapeutics, Inc.",ACRS,8-K cover 0001558370-23-002835,zunsemetinib (ATI-450),Phase 2,NCT05216224,PRIMARY_ENDPOINT_FAILURE,PHASE_2A,EDGAR FTS main phrases,INCLUDED,2,2,DATE_ONLY,2023-03-06T05:00:00+00:00,2023-03-06T12:15:40+00:00,2023-03-03→2023-03-06,2023-03-07,5/7,0,38.6,4,0,OK,ACRS,TICKER_AT_TIME,ELIGIBLE,-0.4468,852336080,True,AVAILABLE,AVAILABLE,AVAILABLE,AVAILABLE,AVAILABLE,AVAILABLE,STILL_FILING,EXCLUDED_AFTER_CUTOFF: 10-Q 0001558370-23-008382 accepted 2023-05-08T11:30:48.000Z is after the decision cutoff: not used
62,sre_8e1869c29f1f469d8fa7,1822711,"PARDES BIOSCIENCES, INC.",PRDS,8-K cover 0000950170-23-011474,pomotrelvir,Phase 2,pomotrelvir Phase 2,PRIMARY_ENDPOINT_FAILURE,,EDGAR FTS main phrases,INCLUDED,2,2,DATE_ONLY,2023-03-31T04:00:00+00:00,2023-04-03T12:00:23+00:00,2023-03-30→2023-04-03,2023-04-04,5/7,0,32.9,11,0,NO_DATA,PRDS,TICKER_AT_TIME,UNDETERMINED,,,False,NO_PRICE_SOURCE,NO_PRICE_SOURCE,NO_PRICE_SOURCE,NO_PRICE_SOURCE,AVAILABLE,AVAILABLE,ACQUISITION_EVIDENCE,EXCLUDED_AFTER_CUTOFF: 10-Q 0000950170-23-018303 accepted 2023-05-05T20:05:21.000Z is after the decision cutoff: not used | price: [yahoo_chart] HTTP 404 for https://query2.finance.yahoo.com/v8/finance/chart/PRDS | eligibility: no usable event-window prices (see price check)
27,sre_7fb9a30e2f684d549ff6,1724979,Rain Oncology Inc.,RAIN,8-K cover 0001104659-23-062936,milademetan,Phase 3,MANTRA,PRIMARY_ENDPOINT_FAILURE,,EDGAR FTS main phrases,INCLUDED,2,2,DATE_ONLY,2023-05-22T04:00:00+00:00,2023-05-22T12:05:48+00:00,2023-05-19→2023-05-22,2023-05-23,4/7,0,19.4,7,0,IDENTITY_UNVERIFIED,RAIN,TICKER_AT_TIME,UNDETERMINED,,,False,NO_PRICE_SOURCE,NO_PRICE_SOURCE,NO_PRICE_SOURCE,NO_PRICE_SOURCE,AVAILABLE,AVAILABLE,ACQUISITION_EVIDENCE,EXCLUDED_AFTER_CUTOFF: 10-Q 0001558370-23-014498 accepted 2023-08-10T20:06:04.000Z is after the decision cutoff: not used | price: history starts after the event window: the ticker may now belong to another listing | eligibility: no usable event-window prices (see price check)
5,sre_5ba8eccad0a844228b7e,1070081,,PTCT,8-K cover 0001104659-23-063688,vatiquinone,Phase 3,MOVE-FA,PRIMARY_ENDPOINT_FAILURE,POSITIVE_SECONDARY_CLAIMED;COMMERCIAL_STAGE_COMPANY,EDGAR FTS main phrases,INCLUDED,2,2,DATE_ONLY,2023-05-23T04:00:00+00:00,2023-05-23T21:17:08+00:00,2023-05-22→2023-05-24,2023-05-25,6/7,0,11.9,10,1,OK,PTCT,TICKER_AT_TIME,INELIGIBLE,-0.2056,4384670370,True,AVAILABLE,AVAILABLE,AVAILABLE,AVAILABLE,AVAILABLE,AVAILABLE,STILL_FILING,EXCLUDED_AFTER_CUTOFF: 10-Q 0001070081-23-000050 accepted 2023-08-03T20:34:34.000Z is after the decision cutoff: not used
61,sre_6555de8960e2411ba1c7,1576263,"MIRATI THERAPEUTICS, INC.",MRTX,8-K cover 0001628280-23-019591,sitravatinib (with nivolumab),Phase 3,SAPPHIRE,PRIMARY_ENDPOINT_FAILURE,COMMERCIAL_STAGE_COMPANY;ORIGINAL_OF_RECALL: 0001193125-23-206176,EDGAR FTS main phrases,INCLUDED,2,2,DATE_ONLY,2023-05-24T04:00:00+00:00,2023-05-24T20:09:39+00:00,2023-05-23→2023-05-25,2023-05-26,5/7,0,18.0,0,0,NO_DATA,MRTX,TICKER_AT_TIME,UNDETERMINED,,,False,NO_PRICE_SOURCE,NO_PRICE_SOURCE,NO_PRICE_SOURCE,NO_PRICE_SOURCE,AVAILABLE,AVAILABLE,ACQUISITION_EVIDENCE,EXCLUDED_AFTER_CUTOFF: 10-Q 0001628280-23-028162 accepted 2023-08-08T20:02:56.000Z is after the decision cutoff: not used | price: [yahoo_chart] HTTP 404 for https://query2.finance.yahoo.com/v8/finance/chart/MRTX | eligibility: no usable event-window prices (see price check)
2,sre_4fd05414fd404a02bc2a,921299,"FIBROGEN, INC.",FGEN,8-K cover 0000950170-23-026748,pamrevlumab,Phase 3,LELANTOS-1,PRIMARY_ENDPOINT_FAILURE,,EDGAR FTS main phrases,INCLUDED,2,2,DATE_ONLY,2023-06-07T04:00:00+00:00,2023-06-07T13:00:45+00:00,2023-06-06→2023-06-07,2023-06-08,5/7,0,17.9,4,0,OK,KYNB,CURRENT_TICKER_SAME_CIK,INELIGIBLE,-0.0844,1825767003,True,AVAILABLE,AVAILABLE,AVAILABLE,AVAILABLE,AVAILABLE,AVAILABLE,STILL_FILING,EXCLUDED_AFTER_CUTOFF: 10-Q 0000950170-23-039070 accepted 2023-08-07T20:11:39.000Z is after the decision cutoff: not used
12,sre_cd3b3d9132254932a6b4,921299,"FIBROGEN, INC.",FGEN,8-K cover 0000950170-23-029736,pamrevlumab,Phase 3,ZEPHYRUS-1,PRIMARY_ENDPOINT_FAILURE,PROGRAM_DISCONTINUED_STATED,EDGAR FTS main phrases,INCLUDED,2,2,DATE_ONLY,2023-06-26T04:00:00+00:00,2023-06-26T13:05:58+00:00,2023-06-23→2023-06-26,2023-06-27,5/7,0,17.9,9,0,OK,KYNB,CURRENT_TICKER_SAME_CIK,ELIGIBLE,-0.8312,1566197777,True,AVAILABLE,AVAILABLE,AVAILABLE,AVAILABLE,AVAILABLE,AVAILABLE,STILL_FILING,EXCLUDED_AFTER_CUTOFF: 10-Q 0000950170-23-039070 accepted 2023-08-07T20:11:39.000Z is after the decision cutoff: not used
8,sre_0e69f6f57d1b4d528fc3,1430306,TONIX PHARMACEUTICALS HOLDING CORP.,TNXP,8-K cover 0001387131-23-010769,TNX-102 SL,Phase 2,PREVAIL,PRIMARY_ENDPOINT_FAILURE,POSITIVE_SECONDARY_CLAIMED;PROGRAM_CONTINUES_STATED,EDGAR FTS main phrases,INCLUDED,2,2,DATE_ONLY,2023-09-05T04:00:00+00:00,2023-09-05T11:07:58+00:00,2023-09-01→2023-09-05,2023-09-06,3/7,0,3.0,12,0,OK,TNXP,TICKER_AT_TIME,INELIGIBLE,-0.0800,17762341,True,AVAILABLE,AVAILABLE,AVAILABLE,AVAILABLE,AVAILABLE,AVAILABLE,STILL_FILING,EXCLUDED_AFTER_CUTOFF: 10-Q 0001839882-23-030328 accepted 2023-11-09T21:27:33.000Z is after the decision cutoff: not used
21,sre_99d9ea84ace44134bacf,1604464,"Atara Biotherapeutics, Inc.",ATRA,8-K cover 0001193125-23-273808,ATA188,Phase 2,EMBOLD,PRIMARY_ENDPOINT_FAILURE,STRATEGIC_OPTIONS_STATED,EDGAR FTS main phrases,INCLUDED,2,2,DATE_ONLY,2023-11-08T05:00:00+00:00,2023-11-09T02:16:51+00:00,2023-11-07→2023-11-09,2023-11-10,4/7,0,6.2,4,1,OK,ATRA,TICKER_AT_TIME,ELIGIBLE,-0.8195,135556592,True,AVAILABLE,AVAILABLE,AVAILABLE,AVAILABLE,AVAILABLE,AVAILABLE,STILL_FILING,EXCLUDED_AFTER_CUTOFF: 10-K 0000950170-24-037644 accepted 2024-03-28T12:40:41.000Z is after the decision cutoff: not used
